JerrodB,3 items purchased:  To Kill a Mockingbird, To Kill a Mockingbird, Bible
,
JerrodB,3 items purchased:  To Kill a Mockingbird, To Kill a Mockingbird, Bible
,
,Items purchased:  To Kill a Mockingbird
,Items purchased:  To Kill a Mockingbird
,Items purchased:  Bible, To Kill a Mockingbird
,Items purchased:  Bible
,Items purchased:  To Kill a Mockingbird
,Items purchased:  To Kill a Mockingbird
,Items purchased:  To Kill a Mockingbird
,Items purchased:  Bible
,Items purchased:  Bible
,Items purchased:  Bible
